trip_number,vehicle_type,stop_sequence,location,pickup_numbers,weight_kg,total_distance_km,total_weight_kg,cost_inr,cost_per_kg
1,Bolero-1,1,TAMIL NADU+600005,P005,450,55.36,1220,1500.0,1.2295081967213115
1,Bolero-1,2,TAMIL NADU+600002,P002,200,55.36,1220,1500.0,1.2295081967213115
1,Bolero-1,3,TAMIL NADU+600003,P003,300,55.36,1220,1500.0,1.2295081967213115
1,Bolero-1,4,TAMIL NADU+600001,P001,150,55.36,1220,1500.0,1.2295081967213115
1,Bolero-1,5,TAMIL NADU+600004,P004,120,55.36,1220,1500.0,1.2295081967213115
2,Bolero-1,1,KARNATAKA+560004,P009,100,699.55,100,11892.349999999999,118.92349999999999
